23, 26, 28, 25, 1.02
24, 25, 25, 25, 0.99
24, 21, 25, 25, 0.9500000000000001
21, 20, 28, 23, 0.92
22, 21, 28, 24, 0.9500000000000001
25, 24, 26, 26, 1.01
23, 23, 26, 26, 0.98
22, 22, 24, 23, 0.91
21, 23, 23, 21, 0.88
19, 24, 23, 20, 0.86
20, 21, 22, 20, 0.8300000000000001
18, 21, 21, 22, 0.8200000000000001
16, 20, 20, 23, 0.79
16, 20, 20, 24, 0.8
16, 19, 20, 27, 0.8200000000000001
17, 22, 21, 29, 0.89
17, 23, 21, 29, 0.9
17, 23, 21, 29, 0.9
19, 23, 19, 28, 0.89
18, 23, 19, 29, 0.89
19, 20, 17, 28, 0.84
19, 20, 16, 29, 0.84
20, 20, 17, 30, 0.87
23, 23, 17, 29, 0.92
20, 22, 21, 28, 0.91
22, 24, 21, 27, 0.9400000000000001
20, 26, 23, 25, 0.9400000000000001
22, 29, 27, 25, 1.03
23, 27, 26, 25, 1.01
21, 25, 26, 23, 0.9500000000000001
20, 24, 27, 20, 0.91
24, 24, 28, 23, 0.99
24, 24, 27, 22, 0.97
25, 21, 28, 22, 0.96
29, 21, 28, 21, 0.99
28, 23, 27, 24, 1.02
30, 24, 28, 23, 1.05
28, 25, 27, 23, 1.03
28, 26, 25, 21, 1.0
29, 23, 25, 18, 0.9500000000000001
28, 23, 25, 19, 0.9500000000000001
28, 26, 26, 21, 1.01
29, 25, 26, 23, 1.03
26, 25, 27, 22, 1.0
27, 27, 28, 25, 1.07
26, 25, 29, 22, 1.02
29, 25, 31, 23, 1.08
32, 24, 31, 23, 1.1
32, 29, 31, 25, 1.17
32, 28, 33, 28, 1.21
34, 30, 35, 33, 1.32
35, 34, 37, 34, 1.4000000000000001
33, 32, 36, 34, 1.35
35, 34, 35, 35, 1.3900000000000001
33, 36, 34, 34, 1.37
34, 35, 33, 32, 1.34
29, 36, 33, 34, 1.32
30, 36, 32, 33, 1.31
31, 36, 33, 32, 1.32
31, 33, 31, 32, 1.27
29, 35, 30, 32, 1.26
28, 34, 30, 32, 1.24
27, 31, 31, 33, 1.22
27, 31, 36, 34, 1.28
30, 31, 34, 33, 1.28
30, 31, 35, 34, 1.3
34, 32, 38, 36, 1.4000000000000001
36, 34, 41, 34, 1.45
29, 31, 38, 36, 1.34
31, 35, 38, 37, 1.41
28, 33, 40, 38, 1.3900000000000001
27, 33, 41, 39, 1.4000000000000001
28, 31, 47, 37, 1.43
28, 30, 47, 35, 1.4000000000000001
31, 31, 46, 34, 1.42
31, 31, 44, 34, 1.4000000000000001
34, 33, 44, 36, 1.47
36, 36, 46, 37, 1.55
36, 35, 46, 36, 1.53
35, 35, 46, 35, 1.51
36, 38, 48, 36, 1.58
35, 36, 46, 34, 1.51
34, 34, 48, 35, 1.51
37, 36, 51, 39, 1.6300000000000001
38, 33, 49, 39, 1.59
37, 34, 48, 40, 1.59
36, 33, 46, 39, 1.54
38, 30, 45, 33, 1.46
39, 31, 40, 34, 1.44
37, 32, 40, 35, 1.44
32, 32, 39, 34, 1.37
29, 35, 42, 34, 1.4000000000000001
27, 32, 42, 35, 1.36
25, 30, 39, 36, 1.3
29, 31, 41, 40, 1.41
29, 29, 41, 38, 1.37
31, 28, 41, 38, 1.3800000000000001
31, 30, 40, 37, 1.3800000000000001
35, 32, 37, 37, 1.41
37, 32, 37, 38, 1.44
35, 27, 38, 37, 1.37
35, 28, 41, 39, 1.43
32, 29, 36, 38, 1.35
35, 31, 38, 38, 1.42
38, 33, 38, 38, 1.47
38, 34, 39, 37, 1.48
37, 33, 35, 36, 1.41
40, 33, 35, 37, 1.45
37, 35, 37, 39, 1.48
39, 35, 37, 39, 1.5
41, 39, 37, 41, 1.58
40, 44, 40, 43, 1.67
40, 45, 44, 45, 1.74
40, 45, 45, 45, 1.75
39, 44, 43, 46, 1.72
42, 44, 45, 48, 1.79
42, 39, 44, 45, 1.7
42, 43, 48, 46, 1.79
41, 43, 45, 48, 1.77
44, 41, 41, 46, 1.72
43, 45, 43, 47, 1.78
42, 47, 42, 43, 1.74
45, 50, 42, 44, 1.81
43, 51, 48, 46, 1.8800000000000001
43, 51, 49, 51, 1.94
46, 52, 46, 54, 1.98
46, 53, 46, 50, 1.95
44, 54, 44, 49, 1.9100000000000001
45, 52, 45, 49, 1.9100000000000001
46, 50, 46, 45, 1.87
44, 43, 44, 43, 1.74
43, 42, 42, 42, 1.69
44, 42, 38, 41, 1.6500000000000001
41, 40, 34, 39, 1.54
42, 40, 38, 42, 1.62
41, 38, 38, 40, 1.57
40, 39, 38, 40, 1.57
40, 38, 39, 41, 1.58
40, 40, 41, 45, 1.6600000000000001
38, 41, 39, 46, 1.6400000000000001
36, 43, 38, 48, 1.6500000000000001
39, 43, 40, 49, 1.71
40, 41, 38, 50, 1.69
39, 42, 37, 48, 1.6600000000000001
38, 43, 34, 47, 1.62
38, 46, 31, 45, 1.6
37, 39, 34, 51, 1.61
37, 43, 34, 52, 1.6600000000000001
40, 46, 38, 54, 1.78
41, 47, 42, 52, 1.82
39, 47, 43, 51, 1.8
37, 48, 45, 55, 1.85
34, 48, 42, 57, 1.81
34, 44, 40, 56, 1.74
33, 38, 38, 53, 1.62
38, 42, 40, 56, 1.76
42, 45, 46, 53, 1.86
41, 45, 45, 53, 1.84
38, 46, 44, 49, 1.77
36, 46, 44, 48, 1.74
41, 48, 47, 50, 1.86
41, 49, 48, 51, 1.8900000000000001
42, 51, 49, 50, 1.92
49, 52, 50, 51, 2.02
47, 48, 51, 53, 1.99
49, 52, 48, 54, 2.0300000000000002
49, 51, 51, 52, 2.0300000000000002
47, 47, 51, 49, 1.94
48, 49, 52, 49, 1.98
52, 52, 59, 50, 2.13
51, 52, 57, 49, 2.09
51, 56, 54, 52, 2.13
56, 55, 54, 52, 2.17
51, 53, 56, 51, 2.11
51, 51, 56, 48, 2.06
53, 53, 59, 53, 2.18
52, 54, 56, 50, 2.12
52, 57, 56, 55, 2.2
50, 54, 54, 49, 2.07
48, 52, 53, 42, 1.95
49, 57, 55, 43, 2.04
49, 53, 53, 41, 1.96
51, 51, 53, 39, 1.94
47, 53, 53, 39, 1.92
46, 56, 49, 43, 1.94
44, 55, 47, 43, 1.8900000000000001
42, 57, 47, 44, 1.9000000000000001
49, 59, 47, 46, 2.0100000000000002
58, 62, 48, 50, 2.18
64, 63, 49, 52, 2.2800000000000002
58, 60, 46, 47, 2.11
54, 57, 41, 48, 2.0
58, 60, 42, 43, 2.0300000000000002
57, 58, 40, 43, 1.98
56, 61, 39, 40, 1.96
57, 62, 40, 42, 2.0100000000000002
57, 65, 42, 46, 2.1
61, 70, 45, 53, 2.29
58, 64, 43, 52, 2.17
61, 63, 41, 54, 2.19
62, 65, 45, 57, 2.29
64, 63, 43, 58, 2.2800000000000002
67, 62, 39, 60, 2.2800000000000002
69, 64, 38, 62, 2.33
68, 67, 43, 64, 2.42
71, 69, 47, 66, 2.5300000000000002
72, 76, 47, 72, 2.67
69, 73, 45, 79, 2.66
64, 70, 45, 74, 2.5300000000000002
64, 67, 45, 74, 2.5
62, 62, 44, 71, 2.39
62, 67, 47, 73, 2.49
63, 61, 51, 71, 2.46
62, 61, 46, 67, 2.36
69, 62, 48, 71, 2.5
70, 57, 46, 71, 2.44
66, 56, 42, 65, 2.29
60, 54, 45, 63, 2.22
61, 54, 46, 61, 2.22
59, 53, 47, 57, 2.16
61, 60, 50, 57, 2.2800000000000002
62, 61, 46, 57, 2.2600000000000002
59, 64, 50, 59, 2.32
63, 69, 55, 64, 2.5100000000000002
61, 64, 52, 63, 2.4
68, 66, 55, 59, 2.48
63, 63, 55, 59, 2.4
66, 65, 63, 63, 2.57
62, 65, 60, 61, 2.48
51, 62, 58, 59, 2.3000000000000003
52, 63, 59, 58, 2.32
52, 63, 62, 60, 2.37
53, 60, 59, 54, 2.2600000000000002
56, 65, 62, 55, 2.38
57, 64, 61, 58, 2.4
59, 64, 63, 58, 2.44
59, 64, 65, 60, 2.48
50, 62, 64, 61, 2.37
49, 62, 62, 61, 2.34
52, 63, 62, 63, 2.4
49, 58, 60, 57, 2.24
51, 63, 65, 60, 2.39
53, 62, 69, 60, 2.44
48, 58, 70, 54, 2.3000000000000003
44, 61, 67, 54, 2.2600000000000002
45, 61, 63, 56, 2.25
44, 60, 60, 54, 2.18
48, 54, 58, 57, 2.17
48, 48, 53, 56, 2.05
52, 50, 58, 57, 2.17
50, 45, 54, 56, 2.05
48, 49, 51, 53, 2.0100000000000002
47, 44, 50, 53, 1.94
48, 47, 53, 55, 2.0300000000000002
50, 48, 54, 56, 2.08
55, 50, 55, 59, 2.19
52, 53, 53, 57, 2.15
52, 49, 54, 57, 2.12
53, 49, 53, 57, 2.12
51, 51, 54, 58, 2.14
55, 52, 51, 58, 2.16
56, 53, 54, 59, 2.22
55, 48, 53, 58, 2.14
59, 48, 55, 58, 2.2
60, 46, 55, 61, 2.22
57, 50, 53, 60, 2.2
60, 51, 51, 56, 2.18
58, 52, 46, 52, 2.08
58, 47, 43, 48, 1.96
63, 51, 44, 56, 2.14
62, 51, 41, 57, 2.11
63, 54, 41, 58, 2.16
64, 52, 43, 57, 2.16
73, 53, 38, 58, 2.22
74, 51, 38, 57, 2.2
76, 48, 38, 55, 2.17
75, 47, 38, 55, 2.15
77, 45, 38, 56, 2.16
77, 50, 41, 62, 2.3000000000000003
69, 47, 38, 62, 2.16
61, 46, 38, 64, 2.09
62, 48, 38, 67, 2.15
60, 41, 40, 62, 2.0300000000000002
57, 42, 40, 60, 1.99
55, 46, 43, 60, 2.04
56, 47, 44, 60, 2.07
54, 45, 45, 59, 2.0300000000000002
54, 47, 49, 59, 2.09
54, 46, 48, 59, 2.07
54, 45, 47, 55, 2.0100000000000002
59, 46, 46, 53, 2.04
57, 42, 49, 51, 1.99
53, 41, 51, 48, 1.93
53, 42, 46, 43, 1.84
51, 46, 49, 39, 1.85
48, 50, 48, 39, 1.85
54, 51, 50, 42, 1.97
52, 53, 44, 41, 1.9000000000000001
53, 52, 44, 42, 1.9100000000000001
54, 59, 45, 48, 2.06
54, 58, 43, 47, 2.02
53, 59, 39, 47, 1.98
50, 56, 39, 45, 1.9000000000000001
53, 57, 42, 43, 1.95
49, 56, 40, 42, 1.87
49, 54, 45, 40, 1.8800000000000001
42, 55, 46, 43, 1.86
43, 53, 44, 38, 1.78
45, 54, 45, 40, 1.84
45, 53, 48, 41, 1.87
43, 46, 47, 40, 1.76
45, 45, 45, 39, 1.74
45, 50, 46, 35, 1.76
49, 49, 44, 33, 1.75
48, 45, 44, 35, 1.72
47, 48, 48, 34, 1.77
46, 47, 47, 36, 1.76
38, 43, 47, 36, 1.6400000000000001
34, 43, 48, 36, 1.61
31, 40, 45, 34, 1.5
35, 44, 47, 34, 1.6
39, 46, 49, 36, 1.7
37, 43, 47, 35, 1.62
38, 42, 47, 36, 1.6300000000000001
36, 39, 47, 37, 1.59
39, 44, 49, 42, 1.74
45, 48, 48, 41, 1.82
48, 51, 51, 47, 1.97
48, 50, 50, 49, 1.97
50, 48, 52, 45, 1.95
46, 50, 52, 47, 1.95
46, 54, 50, 46, 1.96
47, 54, 48, 49, 1.98
51, 56, 50, 49, 2.06
48, 53, 46, 49, 1.96
53, 55, 46, 55, 2.09
55, 57, 47, 55, 2.14
53, 55, 49, 53, 2.1
52, 56, 50, 55, 2.13
47, 54, 48, 55, 2.04
48, 57, 51, 58, 2.14
50, 56, 52, 56, 2.14
51, 58, 48, 57, 2.14
49, 56, 47, 55, 2.07
50, 56, 47, 56, 2.09
50, 57, 47, 58, 2.12
50, 59, 46, 62, 2.17
51, 56, 48, 62, 2.17
54, 57, 52, 62, 2.25
53, 51, 57, 62, 2.23
57, 52, 61, 72, 2.42
61, 54, 65, 73, 2.5300000000000002
63, 57, 66, 78, 2.64
61, 55, 66, 73, 2.5500000000000003
55, 51, 63, 73, 2.42
58, 50, 62, 76, 2.46
59, 52, 66, 77, 2.54
62, 51, 68, 77, 2.58
68, 49, 73, 79, 2.69
69, 51, 74, 82, 2.7600000000000002
69, 54, 74, 86, 2.83
68, 56, 80, 90, 2.94
72, 60, 83, 92, 3.0700000000000003
77, 61, 85, 90, 3.13
81, 66, 86, 93, 3.2600000000000002
80, 64, 86, 99, 3.29
87, 72, 93, 105, 3.5700000000000003
92, 73, 93, 103, 3.61
96, 80, 92, 99, 3.67
98, 80, 97, 103, 3.7800000000000002
94, 78, 97, 105, 3.74
102, 73, 94, 100, 3.69
105, 72, 90, 99, 3.66
107, 69, 91, 100, 3.67
109, 66, 94, 102, 3.71
100, 62, 94, 100, 3.56
104, 68, 98, 107, 3.77
112, 73, 105, 118, 4.08
120, 73, 106, 114, 4.13
124, 76, 112, 120, 4.32
121, 74, 116, 121, 4.32
121, 77, 112, 120, 4.3
125, 82, 111, 120, 4.38
124, 90, 114, 122, 4.5
129, 103, 120, 129, 4.8100000000000005
129, 107, 133, 137, 5.0600000000000005
118, 104, 124, 133, 4.79
117, 105, 123, 131, 4.76
109, 97, 111, 125, 4.42
116, 100, 115, 131, 4.62
114, 97, 116, 124, 4.51
111, 98, 124, 127, 4.6000000000000005
119, 109, 132, 126, 4.86
118, 106, 140, 122, 4.86
119, 105, 136, 125, 4.8500000000000005
123, 108, 148, 127, 5.0600000000000005
118, 105, 144, 125, 4.92
113, 99, 135, 118, 4.65
123, 113, 142, 122, 5.0
109, 104, 139, 113, 4.65
111, 109, 142, 108, 4.7
110, 107, 136, 105, 4.58
117, 112, 148, 120, 4.97
120, 114, 147, 115, 4.96
122, 120, 152, 121, 5.15
132, 125, 156, 129, 5.42
133, 127, 158, 131, 5.49
132, 128, 154, 130, 5.44
132, 138, 165, 144, 5.79
152, 141, 174, 146, 6.13
165, 147, 191, 155, 6.58
177, 159, 213, 156, 7.05
182, 173, 218, 167, 7.4
175, 171, 205, 161, 7.12
176, 170, 217, 161, 7.24
183, 174, 214, 166, 7.37
201, 183, 223, 169, 7.76
203, 194, 231, 170, 7.98
205, 182, 223, 165, 7.75
215, 198, 232, 177, 8.22
221, 203, 236, 187, 8.47
234, 207, 242, 193, 8.76
238, 204, 235, 200, 8.77
246, 224, 248, 219, 9.370000000000001
238, 227, 256, 222, 9.43
238, 224, 246, 215, 9.23
230, 213, 243, 212, 8.98
238, 226, 256, 226, 9.46
230, 227, 256, 226, 9.39
230, 230, 260, 225, 9.450000000000001
225, 229, 259, 227, 9.4
238, 241, 270, 242, 9.91
247, 250, 272, 251, 10.200000000000001
226, 238, 248, 231, 9.43
226, 237, 251, 232, 9.46
235, 252, 264, 241, 9.92
248, 265, 275, 255, 10.43
253, 268, 290, 264, 10.75
239, 256, 275, 249, 10.19
248, 272, 290, 262, 10.72
242, 264, 289, 250, 10.450000000000001
234, 265, 280, 257, 10.36
233, 271, 287, 258, 10.49
234, 268, 282, 252, 10.36
247, 269, 270, 255, 10.41
259, 278, 273, 260, 10.700000000000001
276, 297, 298, 277, 11.48
286, 294, 291, 286, 11.57
285, 297, 291, 294, 11.67
268, 286, 271, 285, 11.1
274, 296, 279, 296, 11.450000000000001
274, 297, 273, 295, 11.39
272, 306, 283, 295, 11.56
270, 297, 283, 292, 11.42
275, 299, 283, 288, 11.450000000000001
265, 280, 263, 276, 10.84
269, 284, 267, 281, 11.01
262, 275, 252, 275, 10.64
263, 277, 256, 282, 10.78
275, 282, 265, 290, 11.120000000000001
255, 259, 254, 278, 10.46
249, 256, 250, 279, 10.34
244, 256, 255, 270, 10.25
240, 255, 248, 263, 10.06
235, 256, 249, 264, 10.040000000000001
215, 242, 236, 241, 9.34
218, 248, 234, 244, 9.44
233, 263, 261, 262, 10.19
244, 284, 278, 280, 10.86
247, 291, 276, 284, 10.98
265, 318, 294, 309, 11.86
267, 318, 279, 298, 11.620000000000001
274, 326, 299, 316, 12.15
298, 348, 325, 342, 13.13
320, 364, 333, 360, 13.77
358, 399, 362, 387, 15.06
365, 402, 354, 385, 15.06
371, 425, 376, 397, 15.69
381, 426, 386, 409, 16.02
361, 406, 376, 414, 15.57
359, 398, 390, 406, 15.530000000000001
352, 398, 373, 404, 15.27
350, 399, 373, 384, 15.06
354, 406, 373, 390, 15.23
344, 399, 367, 382, 14.92
356, 410, 387, 396, 15.49
362, 407, 390, 411, 15.700000000000001
390, 425, 407, 434, 16.56
384, 419, 401, 420, 16.240000000000002
418, 459, 437, 457, 17.71
406, 458, 435, 447, 17.46
380, 429, 409, 424, 16.42
411, 456, 448, 448, 17.63
430, 468, 468, 461, 18.27
413, 454, 452, 440, 17.59
429, 458, 471, 451, 18.09
425, 454, 459, 447, 17.85
431, 473, 462, 453, 18.19
406, 458, 440, 426, 17.3
422, 486, 465, 445, 18.18
427, 492, 483, 450, 18.52
448, 511, 514, 480, 19.53
477, 541, 534, 494, 20.46
482, 539, 530, 494, 20.45
503, 552, 525, 502, 20.82
554, 601, 571, 544, 22.7
565, 629, 577, 559, 23.3
583, 627, 606, 564, 23.8
625, 668, 643, 616, 25.52
610, 641, 616, 602, 24.69
607, 643, 609, 613, 24.72
600, 643, 613, 623, 24.79
562, 598, 587, 589, 23.36
558, 597, 592, 575, 23.22
576, 598, 601, 585, 23.6
562, 593, 608, 583, 23.46
607, 642, 645, 653, 25.47
620, 659, 652, 672, 26.03
624, 659, 660, 677, 26.2
640, 652, 665, 668, 26.25
692, 686, 707, 702, 27.87
660, 661, 679, 664, 26.64
640, 653, 663, 644, 26.0
664, 660, 674, 652, 26.5
657, 629, 665, 658, 26.09
623, 623, 640, 629, 25.150000000000002
641, 640, 657, 639, 25.77
633, 643, 673, 635, 25.84
649, 664, 676, 626, 26.150000000000002
670, 683, 695, 648, 26.96
682, 683, 701, 663, 27.29
688, 706, 713, 675, 27.82
678, 706, 697, 659, 27.400000000000002
688, 710, 691, 650, 27.39
712, 744, 720, 681, 28.57
676, 724, 683, 657, 27.400000000000002
658, 693, 653, 619, 26.23
691, 733, 694, 652, 27.7
693, 731, 699, 664, 27.87
720, 759, 747, 716, 29.42
684, 719, 722, 700, 28.25
678, 718, 715, 699, 28.1
723, 761, 755, 740, 29.79
715, 756, 748, 735, 29.54
706, 746, 738, 722, 29.12
725, 785, 754, 740, 30.04
714, 768, 730, 716, 29.28
722, 770, 729, 723, 29.44
720, 766, 732, 732, 29.5
731, 763, 747, 745, 29.86
762, 799, 785, 768, 31.14
742, 777, 756, 742, 30.17
743, 764, 737, 731, 29.75
801, 831, 777, 777, 31.86
810, 838, 791, 791, 32.3
860, 890, 839, 847, 34.36
853, 887, 843, 849, 34.32
894, 930, 896, 886, 36.06
871, 911, 857, 884, 35.230000000000004
861, 906, 849, 903, 35.19
922, 965, 933, 971, 37.910000000000004
908, 949, 922, 967, 37.46
919, 971, 929, 980, 37.99
930, 980, 934, 989, 38.33
934, 980, 926, 1005, 38.45
945, 990, 941, 1007, 38.83
979, 1017, 972, 1014, 39.82
999, 1014, 996, 1015, 40.24
965, 960, 964, 972, 38.61
980, 982, 972, 1004, 39.38
970, 971, 965, 1001, 39.07
1022, 1022, 1015, 1052, 41.11
1050, 1075, 1063, 1086, 42.74
1029, 1041, 1066, 1087, 42.230000000000004
1004, 1000, 1040, 1047, 40.910000000000004
1060, 1061, 1100, 1100, 43.21
1047, 1042, 1089, 1085, 42.63
1066, 1054, 1109, 1096, 43.25
1062, 1024, 1083, 1055, 42.24
1087, 1049, 1113, 1076, 43.25
1083, 1045, 1102, 1092, 43.22
1125, 1091, 1137, 1144, 44.97
1046, 1013, 1053, 1047, 41.59
986, 992, 1010, 1008, 39.96
974, 966, 1014, 982, 39.36
978, 953, 1017, 988, 39.36
981, 964, 1027, 974, 39.46
975, 956, 976, 960, 38.67
961, 956, 973, 947, 38.37
1050, 1055, 1050, 1037, 41.92
1096, 1120, 1097, 1093, 44.06
1093, 1141, 1089, 1123, 44.46
1114, 1162, 1102, 1142, 45.2
1149, 1185, 1120, 1164, 46.18
1212, 1273, 1193, 1241, 49.19
1268, 1324, 1257, 1291, 51.4
1317, 1336, 1268, 1316, 52.370000000000005
1287, 1290, 1246, 1287, 51.1
1352, 1331, 1296, 1338, 53.17
1366, 1343, 1310, 1358, 53.77
1387, 1374, 1350, 1374, 54.85
1463, 1424, 1424, 1440, 57.51
1362, 1306, 1311, 1316, 52.95
1387, 1355, 1346, 1342, 54.300000000000004
1451, 1417, 1398, 1396, 56.620000000000005
1515, 1454, 1463, 1466, 58.980000000000004
1604, 1518, 1537, 1529, 61.88
1703, 1592, 1627, 1615, 65.37
1662, 1557, 1614, 1593, 64.26
1710, 1628, 1675, 1669, 66.82000000000001
1768, 1680, 1728, 1720, 68.96000000000001
1820, 1782, 1818, 1793, 72.13
1833, 1800, 1854, 1800, 72.87
1912, 1871, 1952, 1912, 76.47
1960, 1925, 2011, 1934, 78.3
1849, 1816, 1903, 1823, 73.91
1827, 1768, 1866, 1797, 72.58
1802, 1779, 1805, 1776, 71.62
1915, 1882, 1918, 1863, 75.78
1931, 1891, 1934, 1890, 76.46000000000001
1929, 1881, 1911, 1877, 75.98
1968, 1895, 1928, 1882, 76.73
2060, 1953, 2012, 1961, 79.86
2150, 2034, 2097, 2071, 83.52
2072, 1961, 2022, 2002, 80.57000000000001
1935, 1847, 1894, 1896, 75.72
1988, 1883, 1919, 1935, 77.25
2098, 1998, 2038, 2049, 81.83
2175, 2090, 2120, 2154, 85.39
2120, 2015, 2063, 2088, 82.86
2165, 2070, 2096, 2125, 84.56
2033, 1976, 2004, 2006, 80.19
1969, 1907, 1932, 1956, 77.64
1908, 1860, 1909, 1907, 75.84
1924, 1874, 1913, 1921, 76.32000000000001
1888, 1861, 1878, 1909, 75.36
1889, 1845, 1843, 1882, 74.59
1917, 1863, 1867, 1892, 75.39
1930, 1858, 1842, 1878, 75.08
2013, 1948, 1899, 1957, 78.17
2002, 1935, 1894, 1951, 77.82000000000001
2193, 2081, 2048, 2120, 84.42
2264, 2117, 2121, 2176, 86.78
2290, 2168, 2162, 2229, 88.49
2298, 2180, 2209, 2251, 89.38
2122, 2017, 2056, 2098, 82.93
2086, 1969, 2029, 2083, 81.67
2095, 1988, 2030, 2090, 82.03
2184, 2088, 2127, 2200, 85.99
2141, 2030, 2084, 2148, 84.03
2176, 2079, 2139, 2172, 85.66
2239, 2144, 2188, 2229, 88.0
2157, 2082, 2121, 2178, 85.38
2327, 2229, 2298, 2370, 92.24
2391, 2305, 2360, 2425, 94.81
2242, 2166, 2218, 2267, 88.93
2174, 2082, 2128, 2208, 85.92
2215, 2101, 2174, 2242, 87.32000000000001
2175, 2060, 2128, 2183, 85.46000000000001
2354, 2241, 2355, 2380, 93.3
2248, 2138, 2271, 2307, 89.64
2205, 2034, 2195, 2212, 86.46000000000001
2122, 1973, 2131, 2122, 83.48
1987, 1853, 1997, 1965, 78.02
2091, 1961, 2113, 2100, 82.65
2158, 2007, 2170, 2150, 84.85000000000001
2277, 2113, 2262, 2253, 89.05
2368, 2154, 2361, 2326, 92.09
2475, 2223, 2446, 2386, 95.3
2408, 2170, 2394, 2346, 93.18
2367, 2194, 2376, 2340, 92.77
2324, 2168, 2334, 2301, 91.27
2263, 2130, 2274, 2260, 89.27
2240, 2141, 2267, 2235, 88.83
2331, 2222, 2364, 2320, 92.37
2443, 2352, 2503, 2441, 97.39
2375, 2332, 2448, 2379, 95.34
2452, 2412, 2556, 2499, 99.19
2592, 2608, 2733, 2694, 106.27
2580, 2576, 2670, 2683, 105.09
2610, 2625, 2684, 2738, 106.57000000000001
2567, 2562, 2659, 2681, 104.69
2705, 2677, 2808, 2853, 110.43
2736, 2695, 2861, 2878, 111.7
2906, 2838, 3020, 3012, 117.76
2897, 2798, 2954, 3002, 116.51
2920, 2833, 2997, 3020, 117.7
2793, 2728, 2901, 2918, 113.4
2818, 2717, 2862, 2870, 112.67
3026, 2914, 3034, 3043, 120.17
3092, 2969, 3080, 3075, 122.16
3070, 2995, 3086, 3086, 122.37
2826, 2777, 2885, 2883, 113.71000000000001
3005, 2921, 3039, 3035, 120.0
3099, 3018, 3136, 3125, 123.78
3105, 3039, 3135, 3149, 124.28
3167, 3147, 3176, 3236, 127.26
3241, 3219, 3245, 3300, 130.05
3262, 3236, 3284, 3308, 130.9
3427, 3392, 3349, 3450, 136.18
3571, 3544, 3534, 3599, 142.48
3313, 3282, 3235, 3336, 131.66
3455, 3419, 3405, 3473, 137.52
3455, 3376, 3386, 3460, 136.77
3564, 3462, 3492, 3557, 140.75
3510, 3406, 3426, 3516, 138.58
3572, 3464, 3482, 3580, 140.98
3522, 3415, 3434, 3514, 138.85
3473, 3374, 3376, 3443, 136.66
3287, 3207, 3181, 3253, 129.28
3362, 3290, 3264, 3367, 132.83
3447, 3389, 3379, 3453, 136.68
3585, 3521, 3528, 3571, 142.05
3550, 3427, 3446, 3505, 139.28
3649, 3539, 3562, 3591, 143.41
3680, 3568, 3616, 3632, 144.96
3807, 3672, 3733, 3750, 149.62
3931, 3815, 3864, 3881, 154.91
3904, 3780, 3813, 3832, 153.29
3846, 3720, 3754, 3794, 151.14000000000001
3764, 3673, 3701, 3706, 148.44
3814, 3729, 3757, 3726, 150.26
3778, 3705, 3706, 3717, 149.06
3492, 3465, 3453, 3467, 138.77
3462, 3473, 3449, 3452, 138.36
3331, 3366, 3341, 3314, 133.52
3514, 3542, 3516, 3492, 140.64000000000001
3508, 3568, 3558, 3529, 141.63
3645, 3669, 3671, 3671, 146.56
3931, 3982, 3975, 3972, 158.6
3777, 3828, 3821, 3823, 152.49
3989, 4000, 3974, 3985, 159.48
4197, 4222, 4175, 4202, 167.96
4218, 4222, 4138, 4197, 167.75
4453, 4438, 4345, 4453, 176.89000000000001
4404, 4399, 4315, 4390, 175.08
4538, 4521, 4494, 4527, 180.8
4699, 4635, 4646, 4649, 186.29
4447, 4396, 4386, 4414, 176.43
4471, 4467, 4426, 4398, 177.62
4536, 4567, 4472, 4476, 180.51
4700, 4729, 4627, 4640, 186.96
4681, 4673, 4640, 4614, 186.08
4523, 4552, 4467, 4537, 180.79
4500, 4518, 4465, 4491, 179.74
4623, 4617, 4535, 4634, 184.09
4678, 4680, 4601, 4674, 186.33
4605, 4607, 4551, 4600, 183.63
4643, 4665, 4640, 4648, 185.96
4581, 4585, 4583, 4604, 183.53
4743, 4695, 4746, 4724, 189.08
4538, 4429, 4507, 4503, 179.77
4342, 4251, 4353, 4330, 172.76
4441, 4363, 4440, 4437, 176.81
4411, 4359, 4413, 4422, 176.05
4282, 4245, 4280, 4272, 170.79
4453, 4398, 4434, 4458, 177.43
4421, 4309, 4373, 4399, 175.02
4435, 4349, 4414, 4409, 176.07
4415, 4334, 4393, 4365, 175.07
4749, 4640, 4719, 4708, 188.16
4786, 4690, 4770, 4752, 189.98
4866, 4781, 4930, 4854, 194.31
4807, 4734, 4873, 4789, 192.03
4816, 4755, 4904, 4822, 192.97
5182, 5131, 5273, 5170, 207.56
5384, 5335, 5506, 5384, 216.09
5218, 5147, 5316, 5254, 209.35
5321, 5300, 5452, 5374, 214.47
5023, 5046, 5169, 5126, 203.64000000000001
4853, 4853, 4952, 4971, 196.29
4536, 4547, 4701, 4760, 185.44
4878, 4873, 5084, 5078, 199.13
4643, 4686, 4866, 4815, 190.1
4984, 4999, 5174, 5126, 202.83
5111, 5118, 5289, 5207, 207.25
4803, 4825, 4936, 4927, 194.91
4844, 4862, 4976, 4967, 196.49
5011, 4998, 5116, 5123, 202.48000000000002
4876, 4818, 4953, 4993, 196.4
5111, 5134, 5205, 5264, 207.14000000000001
5450, 5442, 5490, 5609, 219.91
5307, 5368, 5340, 5467, 214.82
5615, 5697, 5632, 5765, 227.09
5511, 5623, 5572, 5661, 223.67000000000002
5719, 5838, 5769, 5874, 232.0
5495, 5621, 5584, 5600, 223.0
5724, 5837, 5805, 5823, 231.89000000000001
5490, 5583, 5572, 5658, 223.03
5909, 6050, 6012, 6089, 240.6
5669, 5795, 5803, 5809, 230.76
5739, 5886, 5895, 5920, 234.4
5688, 5883, 5877, 5831, 232.79
5626, 5789, 5817, 5746, 229.78
5687, 5819, 5828, 5804, 231.38
5496, 5574, 5627, 5641, 223.38
5554, 5624, 5628, 5636, 224.42000000000002
5675, 5699, 5723, 5719, 228.16
5653, 5625, 5638, 5589, 225.05
5497, 5442, 5468, 5461, 218.68
5527, 5488, 5503, 5485, 220.03
5675, 5628, 5662, 5609, 225.74
6073, 6006, 6112, 5975, 241.66
5977, 5945, 6064, 5954, 239.4
6165, 6131, 6282, 6140, 247.18
6252, 6258, 6439, 6224, 251.73000000000002
6441, 6431, 6618, 6404, 258.94
6332, 6348, 6541, 6332, 255.53
6490, 6509, 6708, 6445, 261.52
6325, 6354, 6558, 6316, 255.53
6834, 6878, 7068, 6790, 275.7
7065, 7076, 7281, 7030, 284.52
7037, 6995, 7268, 7053, 283.53000000000003
6855, 6898, 7071, 6874, 276.98
6635, 6582, 6789, 6642, 266.48
6600, 6591, 6789, 6664, 266.44
6938, 6926, 7141, 7011, 280.16
7090, 7056, 7198, 7158, 285.02
7476, 7449, 7604, 7542, 300.71
7809, 7748, 7929, 7879, 313.65000000000003
7936, 7862, 8086, 7984, 318.68
7983, 7868, 8114, 7999, 319.64
8067, 7996, 8210, 8100, 323.73
7884, 7862, 8025, 7941, 317.12
7932, 7910, 8105, 8033, 319.8
8270, 8245, 8424, 8387, 333.26
8476, 8458, 8665, 8551, 341.5
8104, 8073, 8231, 8200, 326.08
8051, 8109, 8169, 8206, 325.35
8222, 8199, 8340, 8385, 331.46
7760, 7735, 7862, 7922, 312.79
8349, 8332, 8461, 8533, 336.75
8079, 8101, 8115, 8185, 324.8
7941, 7976, 7960, 8018, 318.95
8079, 8146, 8104, 8169, 324.98
8592, 8717, 8629, 8702, 346.40000000000003
8090, 8212, 8161, 8203, 326.66
7922, 8026, 7951, 8004, 319.03000000000003
7769, 7821, 7816, 7776, 311.82
7730, 7801, 7816, 7726, 310.73
8139, 8201, 8213, 8095, 326.48
7873, 7959, 7944, 7899, 316.75
7838, 7849, 7881, 7745, 313.13
7906, 7906, 7914, 7794, 315.2
7734, 7725, 7755, 7653, 308.67
8140, 8090, 8123, 7990, 323.43
7958, 7847, 7835, 7764, 314.04
8598, 8520, 8503, 8378, 339.99
8609, 8501, 8446, 8347, 339.03000000000003
8437, 8325, 8281, 8247, 332.90000000000003
9089, 9022, 8984, 8959, 360.54
9585, 9481, 9427, 9388, 378.81
9259, 9053, 9095, 9010, 364.17
9490, 9280, 9336, 9258, 373.64
9391, 9181, 9229, 9198, 369.99
9378, 9232, 9282, 9241, 371.33
9318, 9167, 9183, 9192, 368.6
9179, 9070, 9034, 9030, 363.13
9278, 9139, 9121, 9098, 366.36
8799, 8657, 8665, 8641, 347.62
8637, 8503, 8520, 8509, 341.69
8572, 8485, 8467, 8527, 340.51
8567, 8501, 8502, 8490, 340.6
8446, 8426, 8443, 8361, 336.76
7796, 7808, 7862, 7788, 312.54
7998, 7963, 8057, 8007, 320.25
8342, 8333, 8452, 8354, 334.81
7981, 7966, 8076, 8028, 320.51
8251, 8214, 8260, 8214, 329.39
8277, 8264, 8277, 8227, 330.45
8745, 8760, 8753, 8728, 349.86
8933, 8923, 8885, 8876, 356.17
9278, 9290, 9233, 9198, 369.99
8924, 8952, 8886, 8784, 355.46
8919, 8908, 8838, 8767, 354.32
8919, 8993, 8879, 8800, 355.91
9169, 9271, 9171, 9089, 367.0
9886, 10013, 9871, 9814, 395.84000000000003
10450, 10597, 10495, 10479, 420.21000000000004
10393, 10508, 10364, 10420, 416.85
10371, 10504, 10373, 10409, 416.57
10299, 10424, 10300, 10321, 413.44
10429, 10536, 10416, 10414, 417.95
10468, 10678, 10466, 10520, 421.32
10332, 10471, 10296, 10351, 414.5
10960, 11135, 10924, 10992, 440.11
10465, 10600, 10425, 10548, 420.38
10993, 11143, 10947, 11034, 441.17
11000, 11210, 10903, 10973, 440.86
10593, 10796, 10573, 10578, 425.40000000000003
11235, 11444, 11226, 11262, 451.67
10614, 10838, 10557, 10583, 425.92
10342, 10512, 10252, 10312, 414.18
10593, 10731, 10520, 10533, 423.77
11314, 11420, 11202, 11204, 451.40000000000003
11096, 11235, 11031, 11061, 444.23
10728, 10889, 10716, 10695, 430.28000000000003
11506, 11729, 11473, 11505, 462.13
10908, 11161, 10847, 10934, 438.5
10401, 10623, 10343, 10457, 418.24
10835, 11062, 10817, 10909, 436.23
10979, 11238, 11070, 11095, 443.82
11521, 11764, 11634, 11588, 465.07
11918, 12164, 12040, 11987, 481.09000000000003
11100, 11324, 11176, 11107, 447.07
11516, 11743, 11585, 11534, 463.78000000000003
11217, 11518, 11298, 11319, 453.52
11112, 11375, 11090, 11152, 447.29
11022, 11256, 10996, 11042, 443.16
11045, 11260, 11032, 11031, 443.68
11185, 11370, 11154, 11135, 448.44
10903, 11109, 10894, 10933, 438.39
11061, 11229, 11052, 11084, 444.26
10665, 10761, 10554, 10614, 425.94
10928, 10978, 10834, 10863, 436.03000000000003
10738, 10785, 10712, 10747, 429.82
11323, 11285, 11277, 11316, 452.01
11184, 11170, 11158, 11219, 447.31
12005, 12031, 11978, 12014, 480.28000000000003
12626, 12709, 12595, 12651, 505.81
13333, 13452, 13288, 13354, 534.27
14048, 14240, 14064, 14005, 563.57
13457, 13694, 13512, 13457, 541.2
13666, 13936, 13741, 13647, 549.9
12897, 13209, 13077, 12903, 520.86
13438, 13707, 13550, 13402, 540.97
12817, 13194, 12931, 12765, 517.07
12930, 13398, 13085, 12968, 523.8100000000001
13989, 14505, 14204, 14054, 567.52
13234, 13643, 13315, 13358, 535.5
12818, 13195, 12814, 12838, 516.65
12981, 13397, 13075, 13007, 524.6
12336, 12755, 12431, 12390, 499.12
12581, 12999, 12700, 12686, 509.66
12900, 13341, 12982, 13081, 523.04
12510, 12964, 12608, 12747, 508.29
12746, 13182, 12861, 12887, 516.76
13320, 13719, 13438, 13428, 539.05
13604, 13982, 13661, 13652, 548.99
13790, 14184, 13869, 13826, 556.69
14613, 15033, 14739, 14641, 590.26
14882, 15273, 15007, 14962, 601.24
14843, 15168, 15009, 15002, 600.22
15273, 15519, 15369, 15331, 614.92
14753, 14941, 14846, 14743, 592.83
14134, 14333, 14280, 14161, 569.08
14480, 14618, 14607, 14467, 581.72
14091, 14127, 14142, 14088, 564.48
13353, 13386, 13522, 13403, 536.64
14239, 14308, 14468, 14241, 572.5600000000001
13475, 13551, 13596, 13450, 540.72
14050, 14111, 14166, 13996, 563.23
14264, 14268, 14369, 14110, 570.11
13615, 13520, 13614, 13403, 541.52
13845, 13915, 13896, 13810, 554.66
13846, 13835, 13839, 13801, 553.21
13314, 13364, 13364, 13269, 533.11
12399, 12392, 12391, 12304, 494.86
11626, 11656, 11654, 11622, 465.58
11692, 11688, 11690, 11756, 468.26
11330, 11312, 11387, 11420, 454.49
10703, 10774, 10846, 10842, 431.65000000000003
10846, 10861, 11005, 11023, 437.35
10650, 10668, 10689, 10704, 427.11
10962, 11027, 10928, 10925, 438.42
10660, 10776, 10693, 10634, 427.63
10614, 10789, 10631, 10647, 426.81
10459, 10630, 10462, 10517, 420.68
10771, 10889, 10796, 10862, 433.18
10701, 10825, 10680, 10744, 429.5
10451, 10605, 10504, 10472, 420.32
10981, 11140, 11106, 11043, 442.7
10683, 10780, 10825, 10745, 430.33
10648, 10709, 10783, 10713, 428.53000000000003
10571, 10650, 10737, 10629, 425.87
10520, 10493, 10654, 10595, 422.62
10723, 10692, 10909, 10927, 432.51
10638, 10613, 10802, 10812, 428.65000000000003
10785, 10770, 10824, 10904, 432.83
10189, 10232, 10294, 10348, 410.63
10070, 10102, 10136, 10170, 404.78000000000003
9832, 9866, 9939, 9975, 396.12
9507, 9554, 9650, 9611, 383.22
9573, 9621, 9700, 9670, 385.64
9813, 9881, 9956, 9902, 395.52
9390, 9518, 9566, 9481, 379.55
9378, 9460, 9452, 9468, 377.58
9608, 9640, 9707, 9687, 386.42
9333, 9398, 9488, 9442, 376.61
8988, 9093, 9183, 9094, 363.58
9758, 9854, 9873, 9876, 393.61
9223, 9317, 9340, 9305, 371.85
9825, 9943, 9929, 9907, 396.04
9340, 9371, 9422, 9394, 375.27
9406, 9430, 9530, 9484, 378.5
9100, 9134, 9297, 9182, 367.13
9301, 9317, 9476, 9350, 374.44
9020, 8997, 9165, 9031, 362.13
8435, 8441, 8562, 8441, 338.79
8824, 8859, 8985, 8817, 354.85
8899, 8903, 9097, 8956, 358.55
9675, 9679, 9836, 9787, 389.77
9190, 9189, 9291, 9327, 369.97
9104, 9054, 9219, 9195, 365.72
9194, 9116, 9250, 9273, 368.33
9334, 9263, 9430, 9443, 374.7
8911, 8731, 8928, 8919, 354.89
9061, 8913, 9091, 9079, 361.44
8656, 8529, 8700, 8627, 345.12
8646, 8527, 8735, 8670, 345.78000000000003
8958, 8878, 9078, 9025, 359.39
8544, 8486, 8680, 8621, 343.31
8689, 8693, 8836, 8827, 350.45
9310, 9374, 9444, 9500, 376.28000000000003
8887, 8944, 9004, 9127, 359.62
8959, 8969, 9122, 9156, 362.06
9318, 9341, 9483, 9559, 377.01
9218, 9305, 9363, 9509, 373.95
9795, 9924, 9942, 10084, 397.45
10347, 10411, 10459, 10612, 418.29
10239, 10252, 10325, 10431, 412.47
10603, 10608, 10683, 10829, 427.23
10956, 10954, 10982, 11145, 440.37
11058, 11067, 11065, 11180, 443.7
10428, 10431, 10394, 10597, 418.5
10294, 10256, 10196, 10465, 412.11
11195, 11132, 11083, 11320, 447.3
10673, 10673, 10701, 10894, 429.41
11003, 10973, 11024, 11174, 441.74
10936, 10928, 11005, 11054, 439.23
10778, 10844, 10875, 10954, 434.51
11633, 11808, 11820, 11841, 471.02
11951, 12179, 12243, 12195, 485.68
11860, 12073, 12110, 12102, 481.45
11919, 12037, 12090, 12095, 481.41
11504, 11688, 11674, 11749, 466.15000000000003
11206, 11376, 11391, 11488, 454.61
11576, 11751, 11738, 11823, 468.88
12390, 12483, 12444, 12624, 499.41
12426, 12554, 12477, 12664, 501.21000000000004
11817, 11934, 11931, 12107, 477.89
12639, 12655, 12735, 12887, 509.16
13444, 13428, 13524, 13641, 540.37
14180, 14287, 14237, 14485, 571.89
13870, 14023, 14021, 14224, 561.38
14030, 14268, 14206, 14380, 568.84
14807, 15054, 15010, 15165, 600.36
15494, 15795, 15659, 15879, 628.27
14667, 14973, 14774, 15020, 594.34
15520, 15775, 15614, 15857, 627.66
15225, 15507, 15334, 15554, 616.2
14589, 14798, 14593, 14868, 588.48
15594, 15857, 15636, 15937, 630.24
15345, 15625, 15435, 15638, 620.4300000000001
14397, 14673, 14519, 14651, 582.4
13817, 14113, 13978, 14052, 559.6
14710, 15089, 14939, 15000, 597.38
15364, 15800, 15548, 15616, 623.28
15215, 15630, 15284, 15382, 615.11
14647, 15014, 14661, 14808, 591.3000000000001
15530, 15839, 15537, 15658, 625.64
15418, 15638, 15400, 15548, 620.04
16476, 16617, 16483, 16515, 660.91
15715, 15898, 15771, 15734, 631.1800000000001
15752, 15866, 15787, 15713, 631.1800000000001
15578, 15753, 15616, 15661, 626.08
16124, 16335, 16088, 16188, 647.35
15946, 16134, 15944, 15991, 640.15
15474, 15710, 15490, 15553, 622.27
16267, 16552, 16391, 16359, 655.69
16358, 16540, 16374, 16431, 657.03
15595, 15714, 15641, 15616, 625.66
15019, 15084, 14991, 15022, 601.16
14149, 14208, 14128, 14127, 566.12
14622, 14628, 14589, 14618, 584.57
15503, 15440, 15549, 15493, 619.85
15452, 15370, 15431, 15351, 616.04
15682, 15692, 15686, 15590, 626.5
17073, 17079, 17038, 16894, 680.84
18089, 18108, 18110, 17989, 722.96
19006, 18974, 19054, 18830, 758.64
18664, 18697, 18741, 18560, 746.62
17777, 17972, 17949, 17788, 714.86
18365, 18591, 18478, 18377, 738.11
18231, 18436, 18340, 18261, 732.6800000000001
17370, 17627, 17538, 17451, 699.86
16301, 16601, 16567, 16362, 658.3100000000001
16637, 16915, 16926, 16783, 672.61
16869, 17030, 16958, 16947, 678.04
17586, 17777, 17628, 17576, 705.67
18025, 18279, 18082, 18068, 724.54
18425, 18638, 18403, 18334, 738.0
19112, 19389, 19161, 19115, 767.77
19902, 20126, 19850, 19843, 797.21
19347, 19577, 19328, 19425, 776.77
18910, 19207, 18918, 19034, 760.69
17553, 17846, 17641, 17680, 707.2
17176, 17435, 17158, 17223, 689.92
17219, 17459, 17235, 17231, 691.44
18408, 18583, 18410, 18390, 737.91
19020, 19221, 19048, 19031, 763.2
19227, 19359, 19194, 19216, 769.96
20274, 20291, 20238, 20181, 809.84
20478, 20424, 20404, 20366, 816.72
20139, 20009, 19972, 20072, 801.9200000000001
20767, 20523, 20540, 20618, 824.48
21575, 21298, 21368, 21424, 856.65
22841, 22514, 22637, 22676, 906.6800000000001
22693, 22325, 22447, 22564, 900.29
24214, 23870, 23944, 24190, 962.1800000000001
25240, 24958, 25052, 25320, 1005.7
25579, 25275, 25408, 25696, 1019.58
25376, 25095, 25188, 25417, 1010.76
25739, 25439, 25536, 25799, 1025.13
25937, 25681, 25723, 26063, 1034.04
26629, 26410, 26417, 26826, 1062.82
25067, 24863, 24798, 25227, 999.5500000000001
23443, 23342, 23264, 23618, 936.6700000000001
22827, 22597, 22604, 22900, 909.28
21898, 21707, 21756, 21997, 873.58
22604, 22374, 22365, 22624, 899.6700000000001
22908, 22562, 22654, 22934, 910.58
24827, 24606, 24573, 24923, 989.2900000000001
25196, 24980, 24986, 25264, 1004.26
25280, 25085, 25019, 25420, 1008.0400000000001
25971, 25802, 25685, 26139, 1035.97
26851, 26693, 26584, 27076, 1072.04
29158, 28885, 28768, 29248, 1160.59
31006, 30878, 30580, 31171, 1236.3500000000001
29703, 29502, 29335, 29764, 1183.04
27834, 27681, 27523, 27917, 1109.55
28343, 28289, 28018, 28406, 1130.56
29256, 29068, 28893, 29373, 1165.9
31140, 30813, 30687, 31146, 1237.8600000000001
29527, 29181, 29121, 29487, 1173.16
30896, 30643, 30516, 30853, 1229.08
31066, 30731, 30628, 30968, 1233.93
30902, 30688, 30583, 30909, 1230.82
31730, 31565, 31427, 31759, 1264.81
32111, 31871, 31758, 32153, 1278.93
33162, 33010, 32792, 33315, 1322.79
34418, 34296, 34023, 34625, 1373.6200000000001
36167, 36123, 35972, 36504, 1447.66
37288, 37404, 37165, 37693, 1495.5
38758, 38787, 38548, 39068, 1551.6100000000001
39645, 39893, 39596, 40102, 1592.3600000000001
37353, 37624, 37318, 37828, 1501.23
37476, 37881, 37527, 37993, 1508.77
36034, 36486, 36177, 36653, 1453.5
36819, 37290, 37022, 37447, 1485.78
36451, 36799, 36470, 36971, 1466.91
36765, 37130, 36743, 37271, 1479.09
37882, 38283, 37953, 38524, 1526.42
39074, 39480, 39235, 39811, 1576.0
38531, 38994, 38767, 39402, 1556.94
38242, 38681, 38514, 39040, 1544.77
38364, 38738, 38687, 39178, 1549.67
37394, 37489, 37533, 38186, 1506.02
38965, 39104, 39194, 39778, 1570.41
40393, 40536, 40657, 41237, 1628.23
40375, 40597, 40634, 41204, 1628.1000000000001
40876, 41113, 41120, 41655, 1647.64
42440, 42778, 42624, 43182, 1710.24
40787, 40982, 40781, 41194, 1637.44
44500, 44769, 44587, 45026, 1788.82
46606, 46882, 46655, 47144, 1872.8700000000001
50279, 50440, 50273, 50831, 2018.23
47693, 47889, 47678, 48052, 1913.1200000000001
48568, 48788, 48585, 48922, 1948.63
48793, 48934, 48886, 49083, 1956.96
50999, 51246, 51089, 51200, 2045.3400000000001
48675, 48907, 48774, 48811, 1951.67
48838, 49158, 49163, 49050, 1962.0900000000001
45475, 45734, 45755, 45731, 1826.95
44500, 44829, 44821, 44746, 1788.96
45946, 46264, 46298, 46232, 1847.4
45320, 45513, 45615, 45457, 1819.05
43836, 43942, 44049, 43786, 1756.13
43168, 43132, 43414, 43113, 1728.27
41799, 41862, 42115, 41797, 1675.73
43856, 43775, 44030, 43784, 1754.45
44576, 44296, 44730, 44481, 1780.83
45462, 45154, 45627, 45403, 1816.46
46772, 46611, 47128, 46947, 1874.58
43752, 43615, 44014, 43829, 1752.1000000000001
42926, 42958, 43404, 43123, 1724.1100000000001
45560, 45644, 45976, 45812, 1829.92
45352, 45462, 45796, 45723, 1823.33
44083, 44128, 44493, 44406, 1771.1000000000001
47264, 47468, 47768, 47744, 1902.44
49034, 49289, 49297, 49352, 1969.72
51343, 51619, 51576, 51676, 2062.14
51482, 51671, 51715, 51777, 2066.45
51307, 51179, 51380, 51390, 2052.56
54377, 54180, 54326, 54361, 2172.44
55453, 55227, 55427, 55520, 2216.27
56881, 56740, 56949, 57105, 2276.75
57486, 57264, 57497, 57717, 2299.64
57260, 56961, 57210, 57397, 2288.28
59836, 59634, 60050, 60022, 2395.42
61790, 61438, 61843, 62115, 2471.86
64851, 64509, 64995, 65131, 2594.86
64906, 64554, 65085, 65208, 2597.53
66871, 66551, 66875, 67175, 2674.7200000000003
67468, 67164, 67759, 67778, 2701.69
70788, 70277, 70893, 70910, 2828.68
69780, 69227, 69687, 69947, 2786.41
70394, 69816, 70191, 70596, 2809.9700000000003
72840, 72199, 72625, 72898, 2905.62
72549, 71966, 72246, 72539, 2893.0
75050, 74390, 74680, 74862, 2989.82
71824, 71335, 71586, 71737, 2864.82
67737, 67328, 67384, 67485, 2699.34
68592, 68015, 68158, 68265, 2730.3
66395, 65789, 65916, 66036, 2641.36
65575, 64845, 65101, 65211, 2607.32
67803, 67308, 67436, 67506, 2700.53
68302, 67618, 67992, 68079, 2719.91
70794, 70142, 70539, 70798, 2822.73
74808, 74136, 74566, 74883, 2983.93
76265, 75694, 76173, 76501, 3046.33
77093, 76625, 77097, 77570, 3083.85
78751, 78285, 78503, 79086, 3146.25
80327, 79947, 80183, 80593, 3210.5
83108, 82844, 83294, 83768, 3330.14
89162, 88938, 89343, 89793, 3572.36
89091, 88917, 89470, 89654, 3571.32
97470, 97120, 97801, 98180, 3905.71
95363, 94757, 95741, 95906, 3817.67
99146, 98470, 99500, 99664, 3967.8
99943, 99159, 100286, 100275, 3996.63
101018, 100101, 101285, 101178, 4035.82
97133, 96300, 97479, 97474, 3883.86
100200, 99256, 100616, 100580, 4006.52
98122, 97202, 98511, 98382, 3922.17
100071, 99263, 100514, 100415, 4002.63
95390, 94512, 95772, 95679, 3813.53
88888, 87972, 89012, 89073, 3549.4500000000003
89968, 89054, 90092, 90233, 3593.4700000000003
93807, 92712, 93806, 93947, 3742.7200000000003
86512, 85648, 86422, 86757, 3453.39
86993, 86256, 86971, 87390, 3476.1
87361, 86750, 87384, 87762, 3492.57
86078, 85649, 86059, 86496, 3442.82
90347, 90182, 90410, 90774, 3617.13
91600, 91509, 91739, 91899, 3667.4700000000003
98095, 97897, 98067, 98323, 3923.82
99377, 99169, 99369, 99596, 3975.11
93248, 93203, 93336, 93364, 3731.51
93330, 93275, 93336, 93365, 3733.06
89869, 89720, 89834, 89994, 3594.17
89886, 89764, 89751, 89917, 3593.1800000000003
86636, 86617, 86371, 86667, 3462.91
86498, 86622, 86135, 86603, 3458.58
84177, 84176, 83913, 84208, 3364.7400000000002
85505, 85588, 85419, 85643, 3421.55
84799, 84606, 84563, 84664, 3386.32
86422, 86171, 86406, 86531, 3455.3
87239, 86892, 87141, 87232, 3485.04
86684, 86499, 86658, 86871, 3467.12
89797, 89730, 89782, 89887, 3591.96
93753, 93691, 93802, 93740, 3749.86
94298, 94363, 94478, 94393, 3775.32
95169, 95144, 95514, 95273, 3811.0
91926, 91744, 92302, 91974, 3679.46
95216, 95137, 95573, 95236, 3811.62
98945, 98806, 99551, 98986, 3962.88
100668, 100446, 101050, 100600, 4027.64
95638, 95498, 95846, 95654, 3826.36
101096, 100880, 101331, 101072, 4043.79
101869, 101502, 101929, 101800, 4071.0
98948, 98737, 98960, 98862, 3955.07
100859, 100551, 100800, 100508, 4027.1800000000003
99001, 98667, 99032, 98795, 3954.9500000000003
102850, 102462, 102802, 102557, 4106.71
109527, 109367, 109644, 109231, 4377.6900000000005
108023, 107928, 108327, 107741, 4320.1900000000005
107707, 107713, 107908, 107427, 4307.55
113374, 113255, 113485, 112994, 4531.08
115298, 115173, 115389, 114885, 4607.45
115309, 115182, 115333, 114752, 4605.76
115736, 115778, 115934, 115358, 4628.06
112456, 112441, 112848, 112197, 4499.42
114772, 114633, 115373, 114658, 4594.36
111487, 111624, 112051, 111726, 4468.88
115027, 115129, 115637, 115066, 4608.59
115175, 115341, 116363, 115389, 4622.68
112630, 112918, 113930, 112683, 4521.61
115501, 115575, 116567, 115491, 4631.34
116973, 117067, 117871, 116927, 4688.38
111640, 111544, 112464, 111608, 4472.56
111914, 111544, 112413, 111592, 4474.63
109901, 109565, 110226, 109591, 4392.83
112846, 112411, 112916, 112433, 4506.06
106016, 105618, 105933, 105622, 4231.89
106957, 106478, 107029, 106561, 4270.25
111946, 111651, 112230, 111739, 4475.66
111306, 110915, 111734, 111063, 4450.18
115902, 115533, 116341, 115786, 4635.62
115858, 115481, 116170, 115771, 4632.8
116414, 116017, 116637, 116287, 4653.55
